{"cameraMode":{"drawMode":0,"name":"Shaded","section":"Shading Mode"},"sceneLighting":true,"audioPlay":false,"sceneViewState":{"m_AlwaysRefresh":false,"showFog":true,"showSkybox":true,"showFlares":true,"showImageEffects":true,"showParticleSystems":true,"showVisualEffectGraphs":true,"m_FxEnabled":true},"in2DMode":false,"pivot":{"x":19.675952911376954,"y":-23.177459716796876,"z":5.567725658416748},"rotation":{"x":0.31556180119514468,"y":0.12533916532993318,"z":-0.04208115115761757,"w":0.9396305680274963},"size":28.908052444458009,"orthographic":false}