{"cameraMode":{"drawMode":0,"name":"Shaded","section":"Shading Mode"},"sceneLighting":true,"audioPlay":false,"sceneViewState":{"m_AlwaysRefresh":false,"showFog":true,"showSkybox":true,"showFlares":true,"showImageEffects":true,"showParticleSystems":true,"showVisualEffectGraphs":true,"m_FxEnabled":true},"in2DMode":false,"pivot":{"x":-0.052033305168151858,"y":1.4204035997390748,"z":1.3186384439468384},"rotation":{"x":0.043078962713479999,"y":-0.8306635618209839,"z":0.06492738425731659,"w":0.5512565970420837},"size":4.631296634674072,"orthographic":true}